company_name,checkID
Banning Engineering,502ddbaa-396c-410b-8787-38da0256f901
Harlan Bakeries,e0caad61-b923-4cfa-b18c-bdae8194d121
La Rosa & Co.,ef54accc-d951-4bbc-b051-922c8f4f217f
Hendricks County Government,481ac0c1-1c56-42a1-8416-5c36de6bc53d
Charles C Brandt Construction,5f0b9a90-534f-41f3-997d-6dc97f7829e3
Rochester Metals Corporation,0dcf1768-1d07-4df7-b96b-2df1d1e9cae2
NATCO Credit Union,0adf27fc-25f7-4f8b-8413-8bb012407d8c
Indiana Constructors,84655002-bf33-4310-92db-90cdc3e7b44d
Shrewsberry & Associates,6d462874-53c3-40ce-a425-45120fa88b79
Indy Chamber,28abe4a6-f452-407c-a7eb-5bd67abfaaa7
Dorel Industries,a4e2e9ab-3639-4950-9f52-c93de95d9134
Westminster Village North,ade485bc-7f48-447d-900b-a6d4ebb6cdcf
